230000,518000,32.5,79921509447878,Linux,aarch64,shreya-desktop,127.0.1.1,up 7 minutes,2022-02-05 12:02:29,34.0,44.8,4,0,1479.0,102.0,1479.0,31.75,29.75,16.25,2.067730432,886.001664,21.34733972905033,78.7,31.3,62.712213504,324882,40686438,3269,27983
76000,1479000,35.5,79921509447878,Linux,aarch64,shreya-desktop,127.0.1.1,up 12 minutes,2022-02-05 12:02:29,35.75,15.5,4,0,1479.0,102.0,1479.0,14.000000000000002,21.0,16.25,2.067730432,409.628672,61.68393695141012,38.3,31.3,62.712213504,339313,40727745,3347,28250
76000,1479000,35.0,79921509447878,Linux,aarch64,shreya-desktop,127.0.1.1,up 17 minutes,2022-02-05 12:02:29,36.25,13.4,4,0,1479.0,102.0,1479.0,8.75,16.5,15.75,2.067730432,420.33152,61.75940984554799,38.2,31.3,62.712213504,340494,40742731,3363,28448
76000,1479000,36.5,79921509447878,Linux,aarch64,shreya-desktop,127.0.1.1,up 22 minutes,2022-02-05 12:02:29,37.0,13.5,4,0,1479.0,102.0,1479.0,11.75,14.75,15.25,2.067730432,423.09632,60.88642022752799,39.1,31.3,62.712213504,341455,40758815,3376,28652
76000,1479000,36.5,79921509447878,Linux,aarch64,shreya-desktop,127.0.1.1,up 27 minutes,2022-02-05 12:02:29,37.5,13.6,4,0,1479.0,102.0,1479.0,17.0,15.0,15.25,2.067730432,456.830976,60.572445064251006,39.4,31.3,62.712213504,342916,40773067,3393,28839
76000,1479000,37.0,79921509447878,Linux,aarch64,shreya-desktop,127.0.1.1,up 32 minutes,2022-02-05 12:02:29,37.75,13.6,4,0,1479.0,102.0,1479.0,9.5,12.5,14.000000000000002,2.067730432,459.18208,60.537184762002866,39.4,31.3,62.712213504,343823,40788385,3405,29041
76000,1479000,37.0,79921509447878,Linux,aarch64,shreya-desktop,127.0.1.1,up 37 minutes,2022-02-05 12:02:29,38.0,13.9,4,0,1479.0,102.0,1479.0,11.5,14.000000000000002,14.249999999999998,2.067730432,473.280512,60.61860040371065,39.4,31.3,62.712213504,345074,40805894,3421,29239
76000,1479000,37.0,79921509447878,Linux,aarch64,shreya-desktop,127.0.1.1,up 42 minutes,2022-02-05 12:02:29,38.0,13.9,4,0,1479.0,102.0,1479.0,11.25,13.750000000000002,14.000000000000002,2.067730432,475.738112,60.49122751412888,39.5,31.3,62.712213504,346055,40826280,3434,29458
76000,1479000,37.0,79921509447878,Linux,aarch64,shreya-desktop,127.0.1.1,up 47 minutes,2022-02-05 12:02:29,38.25,14.0,4,0,1479.0,102.0,1479.0,18.0,14.499999999999998,14.000000000000002,2.067730432,479.19104,60.26976112135685,39.7,31.3,62.712213504,347599,40864549,3456,29770
76000,1479000,37.0,79921509447878,Linux,aarch64,shreya-desktop,127.0.1.1,up 52 minutes,2022-02-05 12:02:29,38.0,14.3,4,0,1479.0,102.0,1479.0,19.25,17.25,15.25,2.067730432,480.354304,60.23747219289366,39.8,31.3,62.712213504,348786,40894075,3472,30069
76000,1479000,38.5,79921509447878,Linux,aarch64,shreya-desktop,127.0.1.1,up 57 minutes,2022-02-05 12:02:29,37.5,14.3,4,0,1479.0,102.0,1479.0,17.75,17.5,16.0,2.067730432,482.299904,60.10633556318428,39.9,31.3,62.712213504,350089,40956255,3489,30430
76000,1479000,37.0,79921509447878,Linux,aarch64,shreya-desktop,127.0.1.1,"up 1 hour, 2 minutes",2022-02-05 12:02:29,39.0,14.5,4,0,1479.0,102.0,1479.0,27.250000000000004,20.75,17.5,2.067730432,482.05824,60.14100159067543,39.9,31.3,62.712213504,351050,40997355,3502,30770
76000,1479000,36.5,79921509447878,Linux,aarch64,shreya-desktop,127.0.1.1,"up 1 hour, 7 minutes",2022-02-05 12:02:29,37.25,14.6,4,0,1479.0,102.0,1479.0,22.0,21.75,18.75,2.067730432,476.884992,60.36979737211703,39.6,31.3,62.712213504,352411,41018388,3521,30982
76000,1479000,36.0,79921509447878,Linux,aarch64,shreya-desktop,127.0.1.1,"up 1 hour, 12 minutes",2022-02-05 12:02:29,37.25,14.7,4,0,1479.0,102.0,1479.0,20.25,19.5,18.5,2.067730432,480.022528,60.20300425698817,39.8,31.3,62.712213504,353742,41048712,3539,31234
76000,1479000,38.5,79921509447878,Linux,aarch64,shreya-desktop,127.0.1.1,"up 1 hour, 17 minutes",2022-02-05 12:02:29,38.0,14.7,4,0,1479.0,102.0,1479.0,24.25,20.75,19.0,2.067730432,486.670336,59.80127452126216,40.2,31.3,62.712213504,354791,41080658,3553,31481
76000,1479000,38.5,79921509447878,Linux,aarch64,shreya-desktop,127.0.1.1,"up 1 hour, 22 minutes",2022-02-05 12:02:29,37.25,14.9,4,0,1479.0,102.0,1479.0,30.0,20.5,19.0,2.067730432,486.793216,59.84842031865013,40.1,31.3,62.712213504,355698,41103620,3565,31704
76000,1479000,35.5,79921509447878,Linux,aarch64,shreya-desktop,127.0.1.1,"up 1 hour, 27 minutes",2022-02-05 12:02:29,37.0,15.0,4,0,1479.0,102.0,1479.0,14.499999999999998,18.25,18.25,2.067730432,486.588416,59.873379858443755,40.1,31.3,62.712213504,356907,41116708,3581,31894
76000,1479000,36.5,79921509447878,Linux,aarch64,shreya-desktop,127.0.1.1,"up 1 hour, 32 minutes",2022-02-05 12:02:29,37.5,15.2,4,0,1479.0,102.0,1479.0,13.0,16.75,17.75,2.067730432,487.923712,59.78285200379543,40.2,31.3,62.712213504,357814,41156173,3593,32328
76000,1428000,36.0,79921509447878,Linux,aarch64,shreya-desktop,127.0.1.1,"up 1 hour, 37 minutes",2022-02-05 12:02:29,37.0,15.2,4,0,1479.0,102.0,1479.0,12.5,17.25,17.75,2.067730432,490.983424,59.649140183472426,40.4,31.3,62.712213504,358975,41172567,3608,32537
76000,1479000,36.0,79921509447878,Linux,aarch64,shreya-desktop,127.0.1.1,"up 1 hour, 42 minutes",2022-02-05 12:02:29,37.0,15.5,4,0,1479.0,102.0,1479.0,15.25,17.0,17.75,2.067730432,493.666304,59.46352836770553,40.4,31.3,62.712213504,360413,41188922,3628,32735
76000,1479000,36.5,79921509447878,Linux,aarch64,shreya-desktop,127.0.1.1,"up 1 hour, 47 minutes",2022-02-05 12:02:29,37.5,15.6,4,0,1479.0,102.0,1479.0,10.5,16.0,17.5,2.067730432,491.282432,59.64082033687455,40.4,31.3,62.712213504,362159,41203267,3649,32932
76000,1479000,37.0,79921509447878,Linux,aarch64,shreya-desktop,127.0.1.1,"up 1 hour, 52 minutes",2022-02-05 12:02:29,37.75,15.8,4,0,1479.0,102.0,1479.0,16.5,16.5,17.5,2.067730432,490.008576,59.66518560191119,40.3,31.3,62.712213504,363120,41217797,3662,33123
76000,1479000,37.0,79921509447878,Linux,aarch64,shreya-desktop,127.0.1.1,"up 1 hour, 57 minutes",2022-02-05 12:02:29,39.0,15.8,4,0,1479.0,102.0,1479.0,23.25,19.75,18.25,2.067730432,497.508352,59.32407189139827,40.7,31.3,62.712213504,365111,41231587,3682,33308
76000,1479000,36.5,79921509447878,Linux,aarch64,shreya-desktop,127.0.1.1,"up 2 hours, 2 minutes",2022-02-05 12:02:29,38.25,16.1,4,0,1479.0,102.0,1479.0,16.75,19.25,18.25,2.067730432,488.69376,59.69608788927473,40.4,31.3,62.712213504,366072,41248805,3695,33540
76000,1479000,37.0,79921509447878,Linux,aarch64,shreya-desktop,127.0.1.1,"up 2 hours, 7 minutes",2022-02-05 12:02:29,38.5,16.1,4,0,1479.0,102.0,1479.0,17.75,19.5,18.75,2.067730432,492.896256,59.67429781485172,40.3,31.3,62.712213504,367145,41261737,3709,33720
76000,1479000,36.5,79921509447878,Linux,aarch64,shreya-desktop,127.0.1.1,"up 2 hours, 12 minutes",2022-02-05 12:02:29,38.5,16.3,4,0,1479.0,102.0,1479.0,24.25,21.25,19.75,2.067730432,497.934336,59.26860624741243,40.7,31.3,62.712213504,368498,41277311,3725,33915
76000,1479000,36.5,79921509447878,Linux,aarch64,shreya-desktop,127.0.1.1,"up 2 hours, 17 minutes",2022-02-05 12:02:29,38.0,16.4,4,0,1479.0,102.0,1479.0,14.75,19.5,19.75,2.067730432,497.803264,59.25355128690199,40.8,31.3,62.712213504,369757,41291463,3742,34114
76000,1479000,37.5,79921509447878,Linux,aarch64,shreya-desktop,127.0.1.1,"up 2 hours, 22 minutes",2022-02-05 12:02:29,38.25,16.6,4,0,1479.0,102.0,1479.0,21.0,19.75,20.0,2.067730432,497.606656,59.28584021536517,40.7,31.3,62.712213504,370664,41305301,3754,34306
76000,1479000,37.0,79921509447878,Linux,aarch64,shreya-desktop,127.0.1.1,"up 2 hours, 27 minutes",2022-02-05 12:02:29,37.75,16.7,4,0,1479.0,102.0,1479.0,17.0,17.5,18.75,2.067730432,498.09408,59.28465166585119,40.7,31.3,62.712213504,371791,41318575,3769,34492
76000,1479000,39.5,79921509447878,Linux,aarch64,shreya-desktop,127.0.1.1,"up 2 hours, 32 minutes",2022-02-05 12:02:29,37.75,16.8,4,0,1479.0,102.0,1479.0,21.5,20.25,19.5,2.067730432,502.53824,59.04198947341314,40.9,31.3,62.712213504,373606,41332655,3789,34682
76000,1479000,36.5,79921509447878,Linux,aarch64,shreya-desktop,127.0.1.1,"up 2 hours, 37 minutes",2022-02-05 12:02:29,37.75,16.9,4,0,1479.0,102.0,1479.0,27.500000000000004,22.25,20.75,2.067730432,498.397184,59.22185663319579,40.8,31.3,62.712213504,374713,41347680,3803,34872
76000,1479000,36.5,79921509447878,Linux,aarch64,shreya-desktop,127.0.1.1,"up 2 hours, 42 minutes",2022-02-05 12:02:29,38.75,17.1,4,0,1479.0,102.0,1479.0,21.5,20.25,20.25,2.067730432,494.874624,59.409845547990656,40.6,31.3,62.712213504,376157,41365379,3824,35075
76000,1479000,37.5,79921509447878,Linux,aarch64,shreya-desktop,127.0.1.1,"up 2 hours, 47 minutes",2022-02-05 12:02:29,39.25,17.3,4,0,1479.0,102.0,1479.0,22.25,21.75,20.75,2.067730432,504.963072,58.93779329935402,41.1,31.3,62.712213504,377531,41381338,3842,35280
76000,1479000,37.5,79921509447878,Linux,aarch64,shreya-desktop,127.0.1.1,"up 2 hours, 52 minutes",2022-02-05 12:02:29,38.5,17.4,4,0,1479.0,102.0,1479.0,13.25,19.0,20.0,2.067730432,504.049664,58.94373604692394,41.1,31.3,62.712213504,378807,41396220,3860,35480
76000,1479000,37.0,79921509447878,Linux,aarch64,shreya-desktop,127.0.1.1,"up 2 hours, 57 minutes",2022-02-05 12:02:29,38.0,17.6,4,0,1479.0,102.0,1479.0,24.75,19.0,19.5,2.067730432,504.926208,58.88351620488216,41.1,31.3,62.712213504,380181,41410889,3878,35682
76000,1479000,37.5,79921509447878,Linux,aarch64,shreya-desktop,127.0.1.1,"up 3 hours, 2 minutes",2022-02-05 12:02:29,38.5,17.7,4,0,1479.0,102.0,1479.0,24.5,21.75,20.5,2.067730432,504.983552,58.88589330391013,41.1,31.3,62.712213504,381355,41424761,3895,35877
76000,1479000,37.0,79921509447878,Linux,aarch64,shreya-desktop,127.0.1.1,"up 3 hours, 7 minutes",2022-02-05 12:02:29,38.0,17.9,4,0,1479.0,102.0,1479.0,19.25,18.25,19.25,2.067730432,501.932032,59.015247109348536,41.0,31.3,62.712213504,382741,41438470,3913,36061
76000,1479000,37.0,79921509447878,Linux,aarch64,shreya-desktop,127.0.1.1,"up 3 hours, 12 minutes",2022-02-05 12:02:29,38.25,18.0,4,0,1479.0,102.0,1479.0,32.5,22.5,20.75,2.067730432,502.505472,58.98929711162659,41.0,31.3,62.712213504,384107,41452734,3928,36243
76000,1479000,37.0,79921509447878,Linux,aarch64,shreya-desktop,127.0.1.1,"up 3 hours, 17 minutes",2022-02-05 12:02:29,39.0,18.2,4,0,1479.0,102.0,1479.0,19.25,20.75,20.5,2.067730432,505.679872,58.81933453112712,41.2,31.3,62.712213504,385234,41465600,3943,36429
76000,1479000,37.5,79921509447878,Linux,aarch64,shreya-desktop,127.0.1.1,"up 3 hours, 22 minutes",2022-02-05 12:02:29,39.0,18.3,4,0,1479.0,102.0,1479.0,42.5,25.0,21.75,2.067730432,508.403712,58.701866220828535,41.3,31.3,62.712213504,386141,41477494,3955,36605
76000,1326000,37.5,79921509447878,Linux,aarch64,shreya-desktop,127.0.1.1,"up 3 hours, 27 minutes",2022-02-05 12:02:29,38.5,18.5,4,0,1479.0,102.0,1479.0,23.25,23.5,22.25,2.067730432,499.65056,59.108350154610484,41.0,31.3,62.712213504,387408,41490444,3972,36781
76000,1479000,37.5,79921509447878,Linux,aarch64,shreya-desktop,127.0.1.1,"up 3 hours, 32 minutes",2022-02-05 12:02:29,38.75,18.6,4,0,1479.0,102.0,1479.0,27.750000000000004,21.75,21.5,2.067730432,499.89632,59.097058934227654,40.9,31.3,62.712213504,388315,41502716,3984,36953
76000,1479000,38.0,79921509447878,Linux,aarch64,shreya-desktop,127.0.1.1,"up 3 hours, 37 minutes",2022-02-05 12:02:29,39.0,18.8,4,0,1479.0,102.0,1479.0,30.5,23.25,22.0,2.067730432,503.955456,58.92254024725792,41.1,31.3,62.712213504,389863,41514994,4005,37131
76000,1479000,38.0,79921509447878,Linux,aarch64,shreya-desktop,127.0.1.1,"up 3 hours, 42 minutes",2022-02-05 12:02:29,39.25,18.9,4,0,1479.0,102.0,1479.0,23.25,22.75,22.0,2.067730432,507.076608,58.821711630155086,40.9,31.3,62.712213504,391104,41529160,4022,37311
76000,1479000,38.0,79921509447878,Linux,aarch64,shreya-desktop,127.0.1.1,"up 3 hours, 47 minutes",2022-02-05 12:02:29,39.0,19.1,4,0,1479.0,102.0,1479.0,21.5,21.5,21.5,2.067730432,505.495552,58.82725819455367,41.2,31.3,62.712213504,392177,41541414,4036,37479
76000,1479000,41.0,79921509447878,Linux,aarch64,shreya-desktop,127.0.1.1,"up 3 hours, 52 minutes",2022-02-05 12:02:29,42.0,40.3,4,0,1479.0,102.0,1479.0,44.25,37.5,28.499999999999996,2.067730432,501.43232,58.98890092845526,41.0,31.3,62.712213504,393592,41554328,4053,37662
76000,1479000,42.5,79921509447878,Linux,aarch64,shreya-desktop,127.0.1.1,"up 3 hours, 57 minutes",2022-02-05 12:02:29,44.5,40.5,4,0,1479.0,102.0,1479.0,37.25,43.25,33.75,2.067730432,506.957824,58.74564446126022,41.3,31.3,62.712213504,394773,41567902,4069,37844
76000,1479000,43.5,79921509447878,Linux,aarch64,shreya-desktop,127.0.1.1,"up 4 hours, 2 minutes",2022-02-05 12:02:29,44.5,40.6,4,0,1479.0,102.0,1479.0,39.5,46.25,38.0,2.067730432,506.71616,58.76644407775491,41.2,31.3,62.712213504,396108,41581974,4087,38027
76000,1479000,44.0,79921509447878,Linux,aarch64,shreya-desktop,127.0.1.1,"up 4 hours, 7 minutes",2022-02-05 12:02:29,45.5,40.7,4,0,1479.0,102.0,1479.0,35.0,45.25,40.5,2.067730432,503.762944,58.8969864327073,41.1,31.3,62.712213504,397301,41595014,4103,38201
76000,1479000,44.0,79921509447878,Linux,aarch64,shreya-desktop,127.0.1.1,"up 4 hours, 12 minutes",2022-02-05 12:02:29,45.75,40.9,4,0,1479.0,102.0,1479.0,38.25,45.25,42.5,2.067730432,508.387328,58.60995172508057,41.4,31.3,62.712213504,398274,41608534,4116,38371
76000,1479000,44.0,79921509447878,Linux,aarch64,shreya-desktop,127.0.1.1,"up 4 hours, 17 minutes",2022-02-05 12:02:29,45.5,41.0,4,0,1479.0,102.0,1479.0,75.0,54.25,47.25,2.067730432,504.23808,58.864499412658446,41.1,31.3,62.712213504,400522,41621514,4139,38548
76000,1479000,43.0,79921509447878,Linux,aarch64,shreya-desktop,127.0.1.1,"up 4 hours, 22 minutes",2022-02-05 12:02:29,45.0,41.1,4,0,1479.0,102.0,1479.0,72.75,54.50000000000001,49.0,2.067730432,511.520768,58.48812539989739,41.5,31.3,62.712213504,401561,41634452,4153,38718
76000,1479000,44.0,79921509447878,Linux,aarch64,shreya-desktop,127.0.1.1,"up 4 hours, 27 minutes",2022-02-05 12:02:29,45.25,41.3,4,0,1479.0,102.0,1479.0,55.50000000000001,53.25,49.5,2.067730432,511.3856,58.51803722933261,41.5,31.3,62.712213504,402880,41646727,4171,38890
76000,1479000,44.0,79921509447878,Linux,aarch64,shreya-desktop,127.0.1.1,"up 4 hours, 32 minutes",2022-02-05 12:02:29,45.75,41.5,4,0,1479.0,102.0,1479.0,41.5,48.0,48.0,2.067730432,505.372672,58.775160107524115,41.2,31.3,62.712213504,404274,41659061,4190,39066
76000,1479000,44.0,79921509447878,Linux,aarch64,shreya-desktop,127.0.1.1,"up 4 hours, 37 minutes",2022-02-05 12:02:29,45.0,41.6,4,0,1479.0,102.0,1479.0,37.75,44.75,46.5,2.067730432,506.064896,58.721279196223584,41.3,31.3,62.712213504,406885,41671841,4217,39244
76000,1479000,44.0,79921509447878,Linux,aarch64,shreya-desktop,127.0.1.1,"up 4 hours, 42 minutes",2022-02-05 12:02:29,45.75,41.7,4,0,1479.0,102.0,1479.0,38.5,44.75,46.25,2.067730432,509.534208,58.57172004904748,41.4,31.3,62.712213504,408192,41687591,4235,39427
76000,1479000,44.0,79921509447878,Linux,aarch64,shreya-desktop,127.0.1.1,"up 4 hours, 47 minutes",2022-02-05 12:02:29,45.25,42.0,4,0,1479.0,102.0,1479.0,33.75,42.75,45.25,2.067730432,510.95552,58.51249066493403,41.5,31.3,62.712213504,409289,41702995,4249,39616
76000,1479000,43.5,79921509447878,Linux,aarch64,shreya-desktop,127.0.1.1,"up 4 hours, 52 minutes",2022-02-05 12:02:29,45.0,42.0,4,0,1479.0,102.0,1479.0,31.5,41.0,44.25,2.067730432,513.835008,58.36451625044323,41.6,31.3,62.712213504,410418,41715105,4264,39785
76000,1479000,44.0,79921509447878,Linux,aarch64,shreya-desktop,127.0.1.1,"up 4 hours, 57 minutes",2022-02-05 12:02:29,45.25,42.2,4,0,1479.0,102.0,1479.0,46.5,46.75,46.5,2.067730432,514.39616,58.288647173134024,41.7,31.3,62.712213504,411611,41727017,4280,39959
76000,1479000,44.0,79921509447878,Linux,aarch64,shreya-desktop,127.0.1.1,"up 5 hours, 3 minutes",2022-02-05 12:02:29,45.5,42.3,4,0,1479.0,102.0,1479.0,77.0,55.75,50.74999999999999,2.067730432,515.186688,58.27973305177916,41.7,31.3,62.712213504,412584,41740291,4293,40133
76000,1479000,44.0,79921509447878,Linux,aarch64,shreya-desktop,127.0.1.1,"up 5 hours, 8 minutes",2022-02-05 12:02:29,45.5,42.5,4,0,1479.0,102.0,1479.0,86.75,59.75,52.75,2.067730432,508.080128,58.64144828720111,41.4,31.3,62.712213504,414342,41753055,4314,40308
76000,1479000,44.5,79921509447878,Linux,aarch64,shreya-desktop,127.0.1.1,"up 5 hours, 13 minutes",2022-02-05 12:02:29,45.5,42.6,4,0,1479.0,102.0,1479.0,75.0,61.0,54.25,2.067730432,510.472192,58.63431699011721,41.4,31.3,62.712213504,415481,41769515,4329,40497
76000,1479000,44.5,79921509447878,Linux,aarch64,shreya-desktop,127.0.1.1,"up 5 hours, 18 minutes",2022-02-05 12:02:29,46.0,42.8,4,0,1479.0,102.0,1479.0,46.25,50.74999999999999,51.0,2.067730432,511.930368,58.469306699259334,41.5,31.3,62.712213504,416454,41782303,4342,40668
76000,1479000,44.0,79921509447878,Linux,aarch64,shreya-desktop,127.0.1.1,"up 5 hours, 23 minutes",2022-02-05 12:02:29,45.25,42.9,4,0,1479.0,102.0,1479.0,50.74999999999999,52.0,51.0,2.067730432,516.32128,58.2030716081273,41.8,31.3,62.712213504,417581,41794077,4357,40839
76000,1479000,44.0,79921509447878,Linux,aarch64,shreya-desktop,127.0.1.1,"up 5 hours, 28 minutes",2022-02-05 12:02:29,45.5,43.1,4,0,1479.0,102.0,1479.0,42.0,50.0,50.24999999999999,2.067730432,512.339968,58.41839716174376,41.6,31.3,62.712213504,418842,41805956,4375,41010
76000,1479000,44.0,79921509447878,Linux,aarch64,shreya-desktop,127.0.1.1,"up 5 hours, 33 minutes",2022-02-05 12:02:29,45.25,43.1,4,0,1479.0,102.0,1479.0,43.0,48.5,49.5,2.067730432,515.6864,58.2543773288142,41.8,31.3,62.712213504,420423,41819033,4396,41187
76000,1479000,44.5,79921509447878,Linux,aarch64,shreya-desktop,127.0.1.1,"up 5 hours, 38 minutes",2022-02-05 12:02:29,45.25,43.3,4,0,1479.0,102.0,1479.0,41.0,49.25,50.0,2.067730432,514.932736,58.24169946733173,41.8,31.3,62.712213504,421288,41831659,4407,41359
76000,1479000,44.0,79921509447878,Linux,aarch64,shreya-desktop,127.0.1.1,"up 5 hours, 43 minutes",2022-02-05 12:02:29,45.75,43.4,4,0,1479.0,102.0,1479.0,40.5,47.75,49.75,2.067730432,519.573504,58.1446345903565,41.8,31.3,62.712213504,422733,41846450,4426,41538
76000,1479000,43.5,79921509447878,Linux,aarch64,shreya-desktop,127.0.1.1,"up 5 hours, 48 minutes",2022-02-05 12:02:29,45.25,43.6,4,0,1479.0,102.0,1479.0,63.5,55.25,53.0,2.067730432,510.758912,58.4760418131719,41.5,31.3,62.712213504,423760,41860018,4440,41731
76000,1479000,41.5,79921509447878,Linux,aarch64,shreya-desktop,127.0.1.1,"up 5 hours, 53 minutes",2022-02-05 12:02:29,43.0,43.8,4,0,1479.0,102.0,1479.0,78.25,61.25000000000001,56.49999999999999,2.067730432,517.89824,58.877969640483585,41.1,31.3,62.712213504,425147,41873058,4456,41909
76000,1479000,39.5,79921509447878,Linux,aarch64,shreya-desktop,127.0.1.1,"up 5 hours, 58 minutes",2022-02-05 12:02:29,40.75,44.1,4,0,1479.0,102.0,1479.0,63.0,53.75,54.0,2.067730432,514.359296,59.03089634461597,41.0,31.3,62.712213504,426174,41885120,4470,42086
76000,1479000,38.0,79921509447878,Linux,aarch64,shreya-desktop,127.0.1.1,"up 6 hours, 3 minutes",2022-02-05 12:02:29,40.25,44.2,4,0,1479.0,102.0,1479.0,84.5,64.75,57.49999999999999,2.067730432,512.311296,58.382938767909955,41.6,31.3,62.712213504,427445,41897002,4484,42255
76000,1479000,38.5,79921509447878,Linux,aarch64,shreya-desktop,127.0.1.1,"up 6 hours, 8 minutes",2022-02-05 12:02:29,40.25,44.2,4,0,1479.0,102.0,1479.0,56.25,58.25,56.00000000000001,2.067730432,520.11008,58.05252200302288,42.0,31.3,62.712213504,428418,41911338,4497,42437
76000,1479000,40.5,79921509447878,Linux,aarch64,shreya-desktop,127.0.1.1,"up 6 hours, 13 minutes",2022-02-05 12:02:29,41.75,44.4,4,0,1479.0,102.0,1479.0,51.5,56.75,55.50000000000001,2.067730432,519.00416,58.81497651624252,41.2,31.3,62.712213504,429846,41927954,4515,42632
76000,1479000,42.0,79921509447878,Linux,aarch64,shreya-desktop,127.0.1.1,"up 6 hours, 18 minutes",2022-02-05 12:02:29,43.25,44.7,4,0,1479.0,102.0,1479.0,47.0,55.00000000000001,55.00000000000001,2.067730432,519.96672,58.77100018422517,41.2,31.3,62.712213504,430909,41941762,4529,42810
76000,1479000,42.5,79921509447878,Linux,aarch64,shreya-desktop,127.0.1.1,"up 6 hours, 23 minutes",2022-02-05 12:02:29,44.0,44.6,4,0,1479.0,102.0,1479.0,45.25,55.25,55.25,2.067730432,520.757248,58.00359338136394,41.7,31.3,62.712213504,432606,41954460,4550,42988
76000,1479000,42.5,79921509447878,Linux,aarch64,shreya-desktop,127.0.1.1,"up 6 hours, 28 minutes",2022-02-05 12:02:29,43.5,44.7,4,0,1479.0,102.0,1479.0,40.25,57.49999999999999,56.99999999999999,2.067730432,517.103616,58.16305710782323,41.8,31.3,62.712213504,433579,41966588,4563,43167
76000,1479000,42.5,79921509447878,Linux,aarch64,shreya-desktop,127.0.1.1,"up 6 hours, 33 minutes",2022-02-05 12:02:29,44.25,44.8,4,0,1479.0,102.0,1479.0,42.5,54.25,56.25,2.067730432,517.718016,58.07054833731828,42.0,31.3,62.712213504,434652,41979394,4577,43342
76000,1479000,42.5,79921509447878,Linux,aarch64,shreya-desktop,127.0.1.1,"up 6 hours, 38 minutes",2022-02-05 12:02:29,43.75,44.9,4,0,1479.0,102.0,1479.0,36.75,52.5,56.00000000000001,2.067730432,522.203136,57.88810598692199,42.1,31.3,62.712213504,436054,41992591,4597,43520
76000,1479000,42.5,79921509447878,Linux,aarch64,shreya-desktop,127.0.1.1,"up 6 hours, 43 minutes",2022-02-05 12:02:29,44.0,45.2,4,0,1479.0,102.0,1479.0,75.0,57.75,57.25,2.067730432,517.189632,58.08619757258571,41.9,31.3,62.712213504,437982,42008891,4620,43707
76000,1479000,42.0,79921509447878,Linux,aarch64,shreya-desktop,127.0.1.1,"up 6 hours, 48 minutes",2022-02-05 12:02:29,43.5,45.2,4,0,1479.0,102.0,1479.0,90.5,63.74999999999999,59.25,2.067730432,515.05152,58.24823648965863,41.7,31.3,62.712213504,439009,42020659,4634,43880
76000,1479000,42.5,79921509447878,Linux,aarch64,shreya-desktop,127.0.1.1,"up 6 hours, 53 minutes",2022-02-05 12:02:29,43.75,45.3,4,0,1479.0,102.0,1479.0,118.25000000000001,73.0,62.25000000000001,2.067730432,516.059136,58.179696801018984,41.8,31.3,62.712213504,440214,42034893,4650,44078
76000,1479000,42.0,79921509447878,Linux,aarch64,shreya-desktop,127.0.1.1,"up 6 hours, 58 minutes",2022-02-05 12:02:29,43.75,45.4,4,0,1479.0,102.0,1479.0,66.0,66.5,61.25000000000001,2.067730432,517.062656,58.131758637288364,41.9,31.3,62.712213504,441241,42046439,4664,44247
76000,1479000,42.5,79921509447878,Linux,aarch64,shreya-desktop,127.0.1.1,"up 7 hours, 3 minutes",2022-02-05 12:02:29,43.25,45.6,4,0,1479.0,102.0,1479.0,49.0,56.49999999999999,57.99999999999999,2.067730432,519.757824,58.0081494878342,42.0,31.3,62.712213504,443082,42058561,4684,44420
76000,1479000,41.5,79921509447878,Linux,aarch64,shreya-desktop,127.0.1.1,"up 7 hours, 8 minutes",2022-02-05 12:02:29,43.0,45.8,4,0,1479.0,102.0,1479.0,50.5,59.75,59.0,2.067730432,516.21888,58.21000481362553,41.8,31.3,62.712213504,444097,42070971,4698,44594
76000,1479000,40.5,79921509447878,Linux,aarch64,shreya-desktop,127.0.1.1,"up 7 hours, 13 minutes",2022-02-05 12:02:29,41.75,45.9,4,0,1479.0,102.0,1479.0,44.5,59.75,59.5,2.067730432,523.841536,57.81996248145367,42.2,31.3,62.712213504,445470,42086468,4717,44773
76000,1479000,40.5,79921509447878,Linux,aarch64,shreya-desktop,127.0.1.1,"up 7 hours, 18 minutes",2022-02-05 12:02:29,42.0,46.1,4,0,1479.0,102.0,1479.0,43.5,57.25,59.0,2.067730432,517.443584,58.11472276092128,41.9,31.3,62.712213504,446657,42099476,4733,44951
76000,1479000,39.0,79921509447878,Linux,aarch64,shreya-desktop,127.0.1.1,"up 7 hours, 23 minutes",2022-02-05 12:02:29,40.75,46.2,4,0,1479.0,102.0,1479.0,38.5,55.75,59.0,2.067730432,524.771328,57.704871270183055,42.1,31.3,62.712213504,448072,42111535,4753,45120
76000,1479000,39.0,79921509447878,Linux,aarch64,shreya-desktop,127.0.1.1,"up 7 hours, 28 minutes",2022-02-05 12:02:29,40.75,46.4,4,0,1479.0,102.0,1479.0,69.5,61.25000000000001,61.0,2.067730432,526.696448,57.636727764714735,42.4,31.3,62.712213504,449349,42124573,4770,45298
76000,1479000,40.0,79921509447878,Linux,aarch64,shreya-desktop,127.0.1.1,"up 7 hours, 33 minutes",2022-02-05 12:02:29,41.0,46.4,4,0,1479.0,102.0,1479.0,86.5,72.25,66.5,2.067730432,518.750208,58.00200864867863,42.0,31.3,62.712213504,450797,42138160,4790,45486
76000,1479000,40.0,79921509447878,Linux,aarch64,shreya-desktop,127.0.1.1,"up 7 hours, 38 minutes",2022-02-05 12:02:29,41.25,46.6,4,0,1479.0,102.0,1479.0,89.5,73.5,68.75,2.067730432,525.479936,57.701107530055445,42.3,31.3,62.712213504,452038,42152884,4807,45675
76000,1479000,40.0,79921509447878,Linux,aarch64,shreya-desktop,127.0.1.1,"up 7 hours, 43 minutes",2022-02-05 12:02:29,41.5,46.7,4,0,1479.0,102.0,1479.0,81.25,65.0,65.0,2.067730432,525.27104,57.73141554266199,42.3,31.3,62.712213504,453451,42168725,4823,45856
76000,1479000,40.0,79921509447878,Linux,aarch64,shreya-desktop,127.0.1.1,"up 7 hours, 48 minutes",2022-02-05 12:02:29,41.25,46.9,4,0,1479.0,102.0,1479.0,65.75,62.0,62.74999999999999,2.067730432,526.794752,57.626030819088896,42.4,31.3,62.712213504,454520,42181963,4838,46030
76000,1479000,40.0,79921509447878,Linux,aarch64,shreya-desktop,127.0.1.1,"up 7 hours, 53 minutes",2022-02-05 12:02:29,41.25,47.0,4,0,1479.0,102.0,1479.0,58.25,61.5,61.75000000000001,2.067730432,528.822272,57.50063884536377,42.4,31.3,62.712213504,455593,42193965,4852,46206
76000,1479000,40.5,79921509447878,Linux,aarch64,shreya-desktop,127.0.1.1,"up 7 hours, 58 minutes",2022-02-05 12:02:29,41.25,47.2,4,0,1479.0,102.0,1479.0,47.75,57.25,59.5,2.067730432,519.770112,57.97467200985704,42.0,31.3,62.712213504,456846,42205463,4869,46374
76000,1479000,40.0,79921509447878,Linux,aarch64,shreya-desktop,127.0.1.1,"up 8 hours, 3 minutes",2022-02-05 12:02:29,41.25,47.3,4,0,1479.0,102.0,1479.0,47.0,57.49999999999999,59.0,2.067730432,523.317248,57.735575465960935,42.3,31.3,62.712213504,459047,42218227,4892,46553
76000,1479000,40.0,79921509447878,Linux,aarch64,shreya-desktop,127.0.1.1,"up 8 hours, 8 minutes",2022-02-05 12:02:29,41.0,47.4,4,0,1479.0,102.0,1479.0,42.75,56.49999999999999,58.5,2.067730432,527.27808,57.54540754372376,42.5,31.3,62.712213504,460020,42231153,4905,46723
76000,1479000,39.5,79921509447878,Linux,aarch64,shreya-desktop,127.0.1.1,"up 8 hours, 13 minutes",2022-02-05 12:02:29,41.0,47.5,4,0,1479.0,102.0,1479.0,60.75000000000001,60.25,60.0,2.067730432,527.978496,57.48815907546695,42.5,31.3,62.712213504,461229,42281511,4921,47220
76000,1479000,39.0,79921509447878,Linux,aarch64,shreya-desktop,127.0.1.1,"up 8 hours, 18 minutes",2022-02-05 12:02:29,40.5,47.7,4,0,1479.0,102.0,1479.0,62.25000000000001,60.5,60.75000000000001,2.067730432,529.281024,57.43962663697934,42.6,31.3,62.712213504,462244,42295417,4935,47415
76000,1479000,39.5,79921509447878,Linux,aarch64,shreya-desktop,127.0.1.1,"up 8 hours, 23 minutes",2022-02-05 12:02:29,41.0,47.8,4,0,1479.0,102.0,1479.0,69.25,61.0,61.25000000000001,2.067730432,523.988992,57.68565638637368,42.4,31.3,62.712213504,463251,42309045,4948,47606
76000,1479000,40.5,79921509447878,Linux,aarch64,shreya-desktop,127.0.1.1,"up 8 hours, 28 minutes",2022-02-05 12:02:29,41.5,48.0,4,0,1479.0,102.0,1479.0,105.25,74.5,66.5,2.067730432,527.91296,57.53490868968359,42.5,31.3,62.712213504,465283,42321997,4968,47791
76000,1479000,41.0,79921509447878,Linux,aarch64,shreya-desktop,127.0.1.1,"up 8 hours, 33 minutes",2022-02-05 12:02:29,41.75,48.2,4,0,1479.0,102.0,1479.0,107.74999999999999,75.5,67.5,2.067730432,522.416128,57.75558271611297,42.2,31.3,62.712213504,467955,42344588,4996,48063
76000,1479000,41.0,79921509447878,Linux,aarch64,shreya-desktop,127.0.1.1,"up 8 hours, 38 minutes",2022-02-05 12:02:29,42.5,48.2,4,0,1479.0,102.0,1479.0,75.75,69.5,66.0,2.067730432,531.386368,57.30908428202695,42.7,31.3,62.712213504,469196,42358652,5013,48253
76000,1479000,41.0,79921509447878,Linux,aarch64,shreya-desktop,127.0.1.1,"up 8 hours, 43 minutes",2022-02-05 12:02:29,42.25,48.4,4,0,1479.0,102.0,1479.0,61.5,66.25,64.75,2.067730432,530.669568,57.343948401103766,42.7,31.3,62.712213504,470303,42374251,5027,48445
76000,1479000,41.5,79921509447878,Linux,aarch64,shreya-desktop,127.0.1.1,"up 8 hours, 48 minutes",2022-02-05 12:02:29,43.25,48.6,4,0,1479.0,102.0,1479.0,55.00000000000001,67.0,65.25,2.067730432,522.113024,57.77717469895031,42.2,31.3,62.712213504,471564,42388032,5045,48633
76000,1479000,42.0,79921509447878,Linux,aarch64,shreya-desktop,127.0.1.1,"up 8 hours, 53 minutes",2022-02-05 12:02:29,43.75,48.7,4,0,1479.0,102.0,1479.0,54.0,73.5,68.75,2.067730432,529.457152,57.41862892889899,42.6,31.3,62.712213504,472905,42401690,5063,48827
76000,1479000,42.0,79921509447878,Linux,aarch64,shreya-desktop,127.0.1.1,"up 8 hours, 58 minutes",2022-02-05 12:02:29,43.75,48.7,4,0,1479.0,102.0,1479.0,40.5,66.25,67.75,2.067730432,530.460672,57.3863400004358,42.6,31.3,62.712213504,474071,42414952,5077,49009
76000,1479000,42.0,79921509447878,Linux,aarch64,shreya-desktop,127.0.1.1,"up 9 hours, 3 minutes",2022-02-05 12:02:29,44.0,49.0,4,0,1479.0,102.0,1479.0,53.75,64.75,67.75,2.067730432,532.508672,57.19221024648536,42.8,31.3,62.712213504,475486,42432761,5097,49232
76000,1479000,42.5,79921509447878,Linux,aarch64,shreya-desktop,127.0.1.1,"up 9 hours, 8 minutes",2022-02-05 12:02:29,43.5,49.1,4,0,1479.0,102.0,1479.0,50.5,65.25,68.75,2.067730432,524.161024,57.63415257410111,42.4,31.3,62.712213504,476805,42450215,5115,49458
76000,1479000,42.5,79921509447878,Linux,aarch64,shreya-desktop,127.0.1.1,"up 9 hours, 13 minutes",2022-02-05 12:02:29,44.25,49.2,4,0,1479.0,102.0,1479.0,95.25,83.75,77.0,2.067730432,524.177408,57.66307394560801,42.4,31.3,62.712213504,477866,42468265,5129,49667
76000,1479000,42.5,79921509447878,Linux,aarch64,shreya-desktop,127.0.1.1,"up 9 hours, 18 minutes",2022-02-05 12:02:29,43.75,49.4,4,0,1479.0,102.0,1479.0,87.5,74.75,74.5,2.067730432,524.009472,57.6707995174489,42.3,31.3,62.712213504,478839,42484617,5142,49861
76000,1428000,42.5,79921509447878,Linux,aarch64,shreya-desktop,127.0.1.1,"up 9 hours, 23 minutes",2022-02-05 12:02:29,44.25,49.4,4,0,1479.0,102.0,1479.0,118.0,80.5,75.5,2.067730432,532.721664,57.25460909596943,42.7,31.3,62.712213504,479912,42500911,5156,50067
76000,1479000,44.0,79921509447878,Linux,aarch64,shreya-desktop,127.0.1.1,"up 9 hours, 28 minutes",2022-02-05 12:02:29,44.75,49.7,4,0,1479.0,102.0,1479.0,181.0,99.0,81.75,2.067730432,524.750848,57.56878235083208,42.4,31.3,62.712213504,480831,42514733,5168,50257
76000,1479000,44.0,79921509447878,Linux,aarch64,shreya-desktop,127.0.1.1,"up 9 hours, 33 minutes",2022-02-05 12:02:29,45.5,49.8,4,0,1479.0,102.0,1479.0,92.5,86.0,79.25,2.067730432,530.792448,57.29125603931722,42.7,31.3,62.712213504,481986,42528803,5183,50449
76000,1479000,44.0,79921509447878,Linux,aarch64,shreya-desktop,127.0.1.1,"up 9 hours, 38 minutes",2022-02-05 12:02:29,45.75,50.0,4,0,1479.0,102.0,1479.0,59.5,71.5,74.25,2.067730432,524.890112,57.60760830162217,42.4,31.3,62.712213504,483013,42543555,5197,50641
76000,1479000,44.0,79921509447878,Linux,aarch64,shreya-desktop,127.0.1.1,"up 9 hours, 43 minutes",2022-02-05 12:02:29,45.75,50.0,4,0,1479.0,102.0,1479.0,51.24999999999999,68.0,72.0,2.067730432,527.450112,57.455077780661114,42.5,31.3,62.712213504,484619,42560766,5217,50846
76000,1479000,44.0,79921509447878,Linux,aarch64,shreya-desktop,127.0.1.1,"up 9 hours, 48 minutes",2022-02-05 12:02:29,45.75,50.3,4,0,1479.0,102.0,1479.0,50.0,66.25,70.5,2.067730432,533.635072,57.172202996333326,42.8,31.3,62.712213504,485592,42573650,5230,51027
76000,1479000,45.0,79921509447878,Linux,aarch64,shreya-desktop,127.0.1.1,"up 9 hours, 53 minutes",2022-02-05 12:02:29,46.0,50.3,4,0,1479.0,102.0,1479.0,40.25,62.0,68.5,2.067730432,527.020032,57.44576747613492,42.6,31.3,62.712213504,486719,42587874,5245,51227
76000,1479000,44.5,79921509447878,Linux,aarch64,shreya-desktop,127.0.1.1,"up 9 hours, 58 minutes",2022-02-05 12:02:29,45.75,50.6,4,0,1479.0,102.0,1479.0,38.5,54.75,64.25,2.067730432,531.820544,57.22667818239085,42.8,31.3,62.712213504,487626,42600804,5257,51412
76000,1479000,44.5,79921509447878,Linux,aarch64,shreya-desktop,127.0.1.1,"up 10 hours, 3 minutes",2022-02-05 12:02:29,45.75,50.6,4,0,1479.0,102.0,1479.0,69.5,61.75000000000001,65.5,2.067730432,534.847488,57.105644223550314,42.9,31.3,62.712213504,488753,42616944,5272,51610
76000,1479000,44.0,79921509447878,Linux,aarch64,shreya-desktop,127.0.1.1,"up 10 hours, 8 minutes",2022-02-05 12:02:29,45.75,50.7,4,0,1479.0,102.0,1479.0,82.25,68.5,67.5,2.067730432,529.260544,57.35939954478554,42.6,31.3,62.712213504,489800,42633520,5286,51808
76000,1479000,44.5,79921509447878,Linux,aarch64,shreya-desktop,127.0.1.1,"up 10 hours, 13 minutes",2022-02-05 12:02:29,46.25,50.9,4,0,1479.0,102.0,1479.0,99.25,86.5,76.5,2.067730432,533.512192,57.149818647153324,42.9,31.3,62.712213504,490927,42654104,5301,52020
76000,1479000,44.5,79921509447878,Linux,aarch64,shreya-desktop,127.0.1.1,"up 10 hours, 18 minutes",2022-02-05 12:02:29,46.0,51.2,4,0,1479.0,102.0,1479.0,116.5,85.25,77.25,2.067730432,527.806464,57.39683885447598,42.6,31.3,62.712213504,492126,42666826,5317,52209
76000,1479000,44.5,79921509447878,Linux,aarch64,shreya-desktop,127.0.1.1,"up 10 hours, 23 minutes",2022-02-05 12:02:29,46.0,51.3,4,0,1479.0,102.0,1479.0,72.25,74.75,74.25,2.067730432,536.584192,56.95905645015917,43.0,31.3,62.712213504,493241,42680046,5332,52385
76000,1479000,44.5,79921509447878,Linux,aarch64,shreya-desktop,127.0.1.1,"up 10 hours, 28 minutes",2022-02-05 12:02:29,46.0,51.3,4,0,1479.0,102.0,1479.0,62.25000000000001,70.0,71.5,2.067730432,533.377024,57.16229841705014,42.8,31.3,62.712213504,494268,42692174,5346,52559
76000,1479000,45.0,79921509447878,Linux,aarch64,shreya-desktop,127.0.1.1,"up 10 hours, 33 minutes",2022-02-05 12:02:29,46.5,51.6,4,0,1479.0,102.0,1479.0,65.0,72.0,71.75,2.067730432,531.902464,57.21915070213563,42.8,31.3,62.712213504,495637,42704878,5364,52733
